type,n,hr,node_type
1,1,1,viruses
2,1,1,bacteria
3,16,1,spacers
1,1,2,viruses
2,1,2,bacteria
3,16,2,spacers
1,1,3,viruses
2,1,3,bacteria
3,16,3,spacers
1,1,4,viruses
2,1,4,bacteria
3,16,4,spacers
1,1,5,viruses
2,1,5,bacteria
3,16,5,spacers
1,1,6,viruses
2,1,6,bacteria
3,16,6,spacers
1,1,7,viruses
2,1,7,bacteria
3,16,7,spacers
1,1,8,viruses
2,1,8,bacteria
3,16,8,spacers
1,1,9,viruses
2,1,9,bacteria
3,16,9,spacers
1,1,10,viruses
2,1,10,bacteria
3,16,10,spacers
1,1,11,viruses
2,1,11,bacteria
3,16,11,spacers
1,1,12,viruses
2,1,12,bacteria
3,16,12,spacers
1,1,13,viruses
2,1,13,bacteria
3,16,13,spacers
1,1,14,viruses
2,1,14,bacteria
3,16,14,spacers
1,1,15,viruses
2,1,15,bacteria
3,16,15,spacers
1,1,16,viruses
2,1,16,bacteria
3,16,16,spacers
1,2,17,viruses
2,1,17,bacteria
3,17,17,spacers
1,3,18,viruses
2,1,18,bacteria
3,18,18,spacers
1,7,19,viruses
2,1,19,bacteria
3,22,19,spacers
1,20,20,viruses
2,2,20,bacteria
3,35,20,spacers
1,61,21,viruses
2,6,21,bacteria
3,76,21,spacers
1,150,22,viruses
2,11,22,bacteria
3,165,22,spacers
1,255,23,viruses
2,13,23,bacteria
3,270,23,spacers
1,291,24,viruses
2,15,24,bacteria
3,306,24,spacers
1,286,25,viruses
2,15,25,bacteria
3,301,25,spacers
1,260,26,viruses
2,15,26,bacteria
3,275,26,spacers
1,242,27,viruses
2,15,27,bacteria
3,257,27,spacers
1,211,28,viruses
2,15,28,bacteria
3,226,28,spacers
1,198,29,viruses
2,15,29,bacteria
3,213,29,spacers
1,188,30,viruses
2,15,30,bacteria
3,203,30,spacers
1,169,31,viruses
2,15,31,bacteria
3,184,31,spacers
1,151,32,viruses
2,15,32,bacteria
3,166,32,spacers
1,138,33,viruses
2,15,33,bacteria
3,153,33,spacers
1,120,34,viruses
2,15,34,bacteria
3,135,34,spacers
1,111,35,viruses
2,15,35,bacteria
3,126,35,spacers
1,103,36,viruses
2,15,36,bacteria
3,118,36,spacers
1,91,37,viruses
2,15,37,bacteria
3,106,37,spacers
1,84,38,viruses
2,15,38,bacteria
3,99,38,spacers
1,81,39,viruses
2,15,39,bacteria
3,96,39,spacers
1,75,40,viruses
2,15,40,bacteria
3,90,40,spacers
1,72,41,viruses
2,15,41,bacteria
3,87,41,spacers
1,67,42,viruses
2,15,42,bacteria
3,82,42,spacers
1,63,43,viruses
2,15,43,bacteria
3,78,43,spacers
1,59,44,viruses
2,15,44,bacteria
3,74,44,spacers
1,57,45,viruses
2,15,45,bacteria
3,72,45,spacers
1,54,46,viruses
2,15,46,bacteria
3,69,46,spacers
1,52,47,viruses
2,15,47,bacteria
3,67,47,spacers
1,48,48,viruses
2,15,48,bacteria
3,63,48,spacers
1,48,49,viruses
2,15,49,bacteria
3,63,49,spacers
1,48,50,viruses
2,15,50,bacteria
3,63,50,spacers
1,48,51,viruses
2,15,51,bacteria
3,63,51,spacers
1,48,52,viruses
2,15,52,bacteria
3,63,52,spacers
1,47,53,viruses
2,15,53,bacteria
3,62,53,spacers
1,45,54,viruses
2,15,54,bacteria
3,60,54,spacers
1,43,55,viruses
2,15,55,bacteria
3,58,55,spacers
1,40,56,viruses
2,15,56,bacteria
3,55,56,spacers
1,39,57,viruses
2,15,57,bacteria
3,54,57,spacers
1,39,58,viruses
2,15,58,bacteria
3,54,58,spacers
1,37,59,viruses
2,15,59,bacteria
3,52,59,spacers
1,35,60,viruses
2,15,60,bacteria
3,50,60,spacers
1,35,61,viruses
2,15,61,bacteria
3,50,61,spacers
1,34,62,viruses
2,15,62,bacteria
3,49,62,spacers
1,34,63,viruses
2,15,63,bacteria
3,49,63,spacers
1,34,64,viruses
2,15,64,bacteria
3,49,64,spacers
1,34,65,viruses
2,15,65,bacteria
3,49,65,spacers
1,34,66,viruses
2,15,66,bacteria
3,49,66,spacers
1,34,67,viruses
2,15,67,bacteria
3,49,67,spacers
1,34,68,viruses
2,15,68,bacteria
3,49,68,spacers
1,33,69,viruses
2,15,69,bacteria
3,48,69,spacers
1,33,70,viruses
2,15,70,bacteria
3,48,70,spacers
1,32,71,viruses
2,15,71,bacteria
3,47,71,spacers
1,32,72,viruses
2,15,72,bacteria
3,47,72,spacers
1,32,73,viruses
2,15,73,bacteria
3,47,73,spacers
1,32,74,viruses
2,15,74,bacteria
3,47,74,spacers
1,32,75,viruses
2,15,75,bacteria
3,47,75,spacers
1,32,76,viruses
2,15,76,bacteria
3,47,76,spacers
1,32,77,viruses
2,15,77,bacteria
3,47,77,spacers
1,32,78,viruses
2,15,78,bacteria
3,47,78,spacers
1,33,79,viruses
2,15,79,bacteria
3,48,79,spacers
1,33,80,viruses
2,15,80,bacteria
3,48,80,spacers
1,33,81,viruses
2,15,81,bacteria
3,48,81,spacers
1,33,82,viruses
2,15,82,bacteria
3,48,82,spacers
1,34,83,viruses
2,15,83,bacteria
3,49,83,spacers
1,34,84,viruses
2,15,84,bacteria
3,49,84,spacers
1,33,85,viruses
2,15,85,bacteria
3,48,85,spacers
1,33,86,viruses
2,15,86,bacteria
3,48,86,spacers
1,33,87,viruses
2,15,87,bacteria
3,48,87,spacers
1,33,88,viruses
2,15,88,bacteria
3,48,88,spacers
1,34,89,viruses
2,15,89,bacteria
3,49,89,spacers
1,35,90,viruses
2,15,90,bacteria
3,50,90,spacers
1,34,91,viruses
2,15,91,bacteria
3,49,91,spacers
1,34,92,viruses
2,15,92,bacteria
3,49,92,spacers
1,34,93,viruses
2,15,93,bacteria
3,49,93,spacers
1,34,94,viruses
2,16,94,bacteria
3,49,94,spacers
1,34,95,viruses
2,16,95,bacteria
3,49,95,spacers
1,35,96,viruses
2,16,96,bacteria
3,50,96,spacers
1,36,97,viruses
2,16,97,bacteria
3,51,97,spacers
1,37,98,viruses
2,16,98,bacteria
3,52,98,spacers
1,38,99,viruses
2,16,99,bacteria
3,53,99,spacers
1,38,100,viruses
2,16,100,bacteria
3,53,100,spacers
1,39,101,viruses
2,16,101,bacteria
3,54,101,spacers
1,38,102,viruses
2,15,102,bacteria
3,53,102,spacers
1,39,103,viruses
2,15,103,bacteria
3,54,103,spacers
1,40,104,viruses
2,15,104,bacteria
3,55,104,spacers
1,41,105,viruses
2,15,105,bacteria
3,56,105,spacers
1,39,106,viruses
2,15,106,bacteria
3,54,106,spacers
1,38,107,viruses
2,15,107,bacteria
3,53,107,spacers
1,39,108,viruses
2,15,108,bacteria
3,54,108,spacers
1,43,109,viruses
2,15,109,bacteria
3,58,109,spacers
1,42,110,viruses
2,15,110,bacteria
3,57,110,spacers
1,45,111,viruses
2,15,111,bacteria
3,60,111,spacers
1,47,112,viruses
2,15,112,bacteria
3,62,112,spacers
1,48,113,viruses
2,15,113,bacteria
3,63,113,spacers
1,46,114,viruses
2,15,114,bacteria
3,61,114,spacers
1,47,115,viruses
2,15,115,bacteria
3,62,115,spacers
1,47,116,viruses
2,15,116,bacteria
3,62,116,spacers
1,46,117,viruses
2,15,117,bacteria
3,61,117,spacers
1,48,118,viruses
2,15,118,bacteria
3,63,118,spacers
1,50,119,viruses
2,15,119,bacteria
3,65,119,spacers
1,49,120,viruses
2,15,120,bacteria
3,64,120,spacers
1,48,121,viruses
2,15,121,bacteria
3,63,121,spacers
1,48,122,viruses
2,15,122,bacteria
3,63,122,spacers
1,49,123,viruses
2,15,123,bacteria
3,64,123,spacers
1,50,124,viruses
2,15,124,bacteria
3,65,124,spacers
1,49,125,viruses
2,15,125,bacteria
3,64,125,spacers
1,49,126,viruses
2,15,126,bacteria
3,64,126,spacers
1,49,127,viruses
2,15,127,bacteria
3,64,127,spacers
1,49,128,viruses
2,15,128,bacteria
3,64,128,spacers
1,49,129,viruses
2,15,129,bacteria
3,64,129,spacers
1,50,130,viruses
2,15,130,bacteria
3,65,130,spacers
1,47,131,viruses
2,15,131,bacteria
3,62,131,spacers
1,47,132,viruses
2,15,132,bacteria
3,62,132,spacers
1,47,133,viruses
2,15,133,bacteria
3,62,133,spacers
1,47,134,viruses
2,15,134,bacteria
3,62,134,spacers
1,47,135,viruses
2,15,135,bacteria
3,62,135,spacers
1,48,136,viruses
2,15,136,bacteria
3,63,136,spacers
1,47,137,viruses
2,15,137,bacteria
3,62,137,spacers
1,49,138,viruses
2,15,138,bacteria
3,64,138,spacers
1,49,139,viruses
2,15,139,bacteria
3,64,139,spacers
1,48,140,viruses
2,14,140,bacteria
3,63,140,spacers
1,47,141,viruses
2,14,141,bacteria
3,62,141,spacers
1,47,142,viruses
2,15,142,bacteria
3,62,142,spacers
1,48,143,viruses
2,15,143,bacteria
3,63,143,spacers
1,47,144,viruses
2,15,144,bacteria
3,62,144,spacers
1,47,145,viruses
2,15,145,bacteria
3,62,145,spacers
1,48,146,viruses
2,15,146,bacteria
3,63,146,spacers
1,49,147,viruses
2,15,147,bacteria
3,64,147,spacers
1,50,148,viruses
2,15,148,bacteria
3,65,148,spacers
1,49,149,viruses
2,15,149,bacteria
3,64,149,spacers
1,49,150,viruses
2,15,150,bacteria
3,64,150,spacers
1,50,151,viruses
2,15,151,bacteria
3,65,151,spacers
1,51,152,viruses
2,15,152,bacteria
3,66,152,spacers
1,52,153,viruses
2,15,153,bacteria
3,67,153,spacers
1,52,154,viruses
2,15,154,bacteria
3,67,154,spacers
1,51,155,viruses
2,15,155,bacteria
3,66,155,spacers
1,52,156,viruses
2,15,156,bacteria
3,67,156,spacers
1,53,157,viruses
2,15,157,bacteria
3,68,157,spacers
1,53,158,viruses
2,15,158,bacteria
3,68,158,spacers
1,53,159,viruses
2,15,159,bacteria
3,68,159,spacers
1,53,160,viruses
2,16,160,bacteria
3,68,160,spacers
1,53,161,viruses
2,15,161,bacteria
3,68,161,spacers
1,53,162,viruses
2,15,162,bacteria
3,68,162,spacers
1,53,163,viruses
2,15,163,bacteria
3,68,163,spacers
1,52,164,viruses
2,15,164,bacteria
3,67,164,spacers
1,51,165,viruses
2,16,165,bacteria
3,66,165,spacers
1,50,166,viruses
2,16,166,bacteria
3,65,166,spacers
1,52,167,viruses
2,16,167,bacteria
3,67,167,spacers
1,52,168,viruses
2,16,168,bacteria
3,67,168,spacers
1,51,169,viruses
2,17,169,bacteria
3,67,169,spacers
1,51,170,viruses
2,17,170,bacteria
3,67,170,spacers
1,51,171,viruses
2,17,171,bacteria
3,67,171,spacers
1,51,172,viruses
2,17,172,bacteria
3,67,172,spacers
1,51,173,viruses
2,17,173,bacteria
3,67,173,spacers
1,52,174,viruses
2,17,174,bacteria
3,68,174,spacers
1,52,175,viruses
2,18,175,bacteria
3,68,175,spacers
1,53,176,viruses
2,16,176,bacteria
3,69,176,spacers
1,52,177,viruses
2,16,177,bacteria
3,68,177,spacers
1,52,178,viruses
2,16,178,bacteria
3,68,178,spacers
1,52,179,viruses
2,16,179,bacteria
3,68,179,spacers
1,53,180,viruses
2,16,180,bacteria
3,69,180,spacers
1,53,181,viruses
2,16,181,bacteria
3,69,181,spacers
1,52,182,viruses
2,16,182,bacteria
3,68,182,spacers
1,52,183,viruses
2,16,183,bacteria
3,68,183,spacers
1,52,184,viruses
2,16,184,bacteria
3,68,184,spacers
1,52,185,viruses
2,16,185,bacteria
3,68,185,spacers
1,53,186,viruses
2,15,186,bacteria
3,69,186,spacers
1,52,187,viruses
2,15,187,bacteria
3,68,187,spacers
1,52,188,viruses
2,15,188,bacteria
3,68,188,spacers
1,51,189,viruses
2,15,189,bacteria
3,67,189,spacers
1,51,190,viruses
2,15,190,bacteria
3,67,190,spacers
1,52,191,viruses
2,15,191,bacteria
3,68,191,spacers
1,52,192,viruses
2,15,192,bacteria
3,68,192,spacers
1,52,193,viruses
2,15,193,bacteria
3,68,193,spacers
1,54,194,viruses
2,16,194,bacteria
3,70,194,spacers
1,55,195,viruses
2,15,195,bacteria
3,71,195,spacers
1,55,196,viruses
2,15,196,bacteria
3,71,196,spacers
1,55,197,viruses
2,15,197,bacteria
3,71,197,spacers
1,56,198,viruses
2,15,198,bacteria
3,72,198,spacers
1,55,199,viruses
2,15,199,bacteria
3,71,199,spacers
1,55,200,viruses
2,15,200,bacteria
3,71,200,spacers
1,55,201,viruses
2,15,201,bacteria
3,71,201,spacers
1,55,202,viruses
2,15,202,bacteria
3,71,202,spacers
1,55,203,viruses
2,15,203,bacteria
3,71,203,spacers
1,55,204,viruses
2,15,204,bacteria
3,71,204,spacers
1,56,205,viruses
2,15,205,bacteria
3,72,205,spacers
1,55,206,viruses
2,16,206,bacteria
3,71,206,spacers
1,54,207,viruses
2,16,207,bacteria
3,70,207,spacers
1,54,208,viruses
2,16,208,bacteria
3,70,208,spacers
1,55,209,viruses
2,16,209,bacteria
3,71,209,spacers
1,56,210,viruses
2,16,210,bacteria
3,72,210,spacers
1,56,211,viruses
2,16,211,bacteria
3,72,211,spacers
1,56,212,viruses
2,16,212,bacteria
3,72,212,spacers
1,54,213,viruses
2,16,213,bacteria
3,70,213,spacers
1,56,214,viruses
2,16,214,bacteria
3,72,214,spacers
1,56,215,viruses
2,16,215,bacteria
3,72,215,spacers
1,57,216,viruses
2,16,216,bacteria
3,73,216,spacers
1,57,217,viruses
2,16,217,bacteria
3,73,217,spacers
1,56,218,viruses
2,16,218,bacteria
3,72,218,spacers
1,56,219,viruses
2,16,219,bacteria
3,72,219,spacers
1,55,220,viruses
2,16,220,bacteria
3,71,220,spacers
1,55,221,viruses
2,16,221,bacteria
3,71,221,spacers
1,55,222,viruses
2,16,222,bacteria
3,71,222,spacers
1,55,223,viruses
2,16,223,bacteria
3,71,223,spacers
1,55,224,viruses
2,16,224,bacteria
3,71,224,spacers
1,55,225,viruses
2,16,225,bacteria
3,71,225,spacers
1,56,226,viruses
2,16,226,bacteria
3,72,226,spacers
1,55,227,viruses
2,16,227,bacteria
3,71,227,spacers
1,57,228,viruses
2,16,228,bacteria
3,73,228,spacers
1,57,229,viruses
2,16,229,bacteria
3,73,229,spacers
1,57,230,viruses
2,16,230,bacteria
3,73,230,spacers
1,58,231,viruses
2,16,231,bacteria
3,74,231,spacers
1,57,232,viruses
2,16,232,bacteria
3,73,232,spacers
1,55,233,viruses
2,16,233,bacteria
3,71,233,spacers
1,55,234,viruses
2,16,234,bacteria
3,71,234,spacers
1,55,235,viruses
2,16,235,bacteria
3,71,235,spacers
1,55,236,viruses
2,16,236,bacteria
3,71,236,spacers
1,55,237,viruses
2,17,237,bacteria
3,71,237,spacers
1,56,238,viruses
2,17,238,bacteria
3,72,238,spacers
1,55,239,viruses
2,17,239,bacteria
3,71,239,spacers
1,55,240,viruses
2,17,240,bacteria
3,71,240,spacers
1,55,241,viruses
2,17,241,bacteria
3,71,241,spacers
1,55,242,viruses
2,17,242,bacteria
3,71,242,spacers
1,56,243,viruses
2,17,243,bacteria
3,72,243,spacers
1,56,244,viruses
2,17,244,bacteria
3,72,244,spacers
1,56,245,viruses
2,17,245,bacteria
3,72,245,spacers
1,55,246,viruses
2,17,246,bacteria
3,72,246,spacers
1,54,247,viruses
2,16,247,bacteria
3,71,247,spacers
1,54,248,viruses
2,16,248,bacteria
3,71,248,spacers
1,53,249,viruses
2,16,249,bacteria
3,70,249,spacers
1,54,250,viruses
2,16,250,bacteria
3,71,250,spacers
1,55,251,viruses
2,16,251,bacteria
3,72,251,spacers
1,54,252,viruses
2,16,252,bacteria
3,71,252,spacers
1,54,253,viruses
2,16,253,bacteria
3,71,253,spacers
1,54,254,viruses
2,16,254,bacteria
3,71,254,spacers
1,54,255,viruses
2,16,255,bacteria
3,71,255,spacers
1,54,256,viruses
2,16,256,bacteria
3,71,256,spacers
1,54,257,viruses
2,16,257,bacteria
3,71,257,spacers
1,54,258,viruses
2,16,258,bacteria
3,71,258,spacers
1,55,259,viruses
2,16,259,bacteria
3,72,259,spacers
1,55,260,viruses
2,16,260,bacteria
3,72,260,spacers
1,55,261,viruses
2,16,261,bacteria
3,72,261,spacers
1,56,262,viruses
2,16,262,bacteria
3,73,262,spacers
1,57,263,viruses
2,16,263,bacteria
3,74,263,spacers
1,57,264,viruses
2,17,264,bacteria
3,74,264,spacers
1,57,265,viruses
2,17,265,bacteria
3,74,265,spacers
1,58,266,viruses
2,17,266,bacteria
3,75,266,spacers
1,57,267,viruses
2,17,267,bacteria
3,75,267,spacers
1,59,268,viruses
2,17,268,bacteria
3,77,268,spacers
1,58,269,viruses
2,17,269,bacteria
3,77,269,spacers
1,59,270,viruses
2,17,270,bacteria
3,78,270,spacers
1,61,271,viruses
2,17,271,bacteria
3,80,271,spacers
1,61,272,viruses
2,17,272,bacteria
3,80,272,spacers
1,65,273,viruses
2,17,273,bacteria
3,84,273,spacers
1,64,274,viruses
2,18,274,bacteria
3,83,274,spacers
1,62,275,viruses
2,18,275,bacteria
3,81,275,spacers
1,61,276,viruses
2,18,276,bacteria
3,80,276,spacers
1,61,277,viruses
2,18,277,bacteria
3,80,277,spacers
1,59,278,viruses
2,18,278,bacteria
3,78,278,spacers
1,59,279,viruses
2,18,279,bacteria
3,78,279,spacers
1,59,280,viruses
2,18,280,bacteria
3,78,280,spacers
1,58,281,viruses
2,20,281,bacteria
3,77,281,spacers
1,59,282,viruses
2,20,282,bacteria
3,78,282,spacers
1,60,283,viruses
2,21,283,bacteria
3,79,283,spacers
1,62,284,viruses
2,21,284,bacteria
3,81,284,spacers
1,61,285,viruses
2,21,285,bacteria
3,80,285,spacers
1,64,286,viruses
2,21,286,bacteria
3,83,286,spacers
1,64,287,viruses
2,20,287,bacteria
3,83,287,spacers
1,64,288,viruses
2,20,288,bacteria
3,83,288,spacers
1,64,289,viruses
2,20,289,bacteria
3,83,289,spacers
1,64,290,viruses
2,20,290,bacteria
3,83,290,spacers
1,65,291,viruses
2,20,291,bacteria
3,84,291,spacers
1,64,292,viruses
2,20,292,bacteria
3,83,292,spacers
1,64,293,viruses
2,20,293,bacteria
3,83,293,spacers
1,62,294,viruses
2,20,294,bacteria
3,81,294,spacers
1,61,295,viruses
2,20,295,bacteria
3,80,295,spacers
1,61,296,viruses
2,20,296,bacteria
3,80,296,spacers
1,62,297,viruses
2,20,297,bacteria
3,81,297,spacers
1,62,298,viruses
2,20,298,bacteria
3,81,298,spacers
1,63,299,viruses
2,20,299,bacteria
3,82,299,spacers
1,62,300,viruses
2,19,300,bacteria
3,81,300,spacers
1,62,301,viruses
2,19,301,bacteria
3,81,301,spacers
1,62,302,viruses
2,19,302,bacteria
3,81,302,spacers
1,62,303,viruses
2,19,303,bacteria
3,81,303,spacers
1,61,304,viruses
2,19,304,bacteria
3,80,304,spacers
1,62,305,viruses
2,19,305,bacteria
3,81,305,spacers
1,62,306,viruses
2,19,306,bacteria
3,81,306,spacers
1,62,307,viruses
2,19,307,bacteria
3,81,307,spacers
1,62,308,viruses
2,19,308,bacteria
3,81,308,spacers
1,62,309,viruses
2,18,309,bacteria
3,81,309,spacers
1,62,310,viruses
2,18,310,bacteria
3,81,310,spacers
1,62,311,viruses
2,18,311,bacteria
3,81,311,spacers
1,61,312,viruses
2,18,312,bacteria
3,80,312,spacers
1,61,313,viruses
2,17,313,bacteria
3,80,313,spacers
1,61,314,viruses
2,17,314,bacteria
3,80,314,spacers
1,61,315,viruses
2,17,315,bacteria
3,80,315,spacers
1,61,316,viruses
2,17,316,bacteria
3,80,316,spacers
1,61,317,viruses
2,17,317,bacteria
3,80,317,spacers
1,61,318,viruses
2,17,318,bacteria
3,80,318,spacers
1,61,319,viruses
2,17,319,bacteria
3,80,319,spacers
1,61,320,viruses
2,17,320,bacteria
3,80,320,spacers
1,61,321,viruses
2,17,321,bacteria
3,80,321,spacers
1,61,322,viruses
2,17,322,bacteria
3,80,322,spacers
1,61,323,viruses
2,17,323,bacteria
3,80,323,spacers
1,61,324,viruses
2,17,324,bacteria
3,80,324,spacers
1,61,325,viruses
2,17,325,bacteria
3,80,325,spacers
1,61,326,viruses
2,17,326,bacteria
3,80,326,spacers
1,61,327,viruses
2,17,327,bacteria
3,80,327,spacers
1,61,328,viruses
2,17,328,bacteria
3,80,328,spacers
1,62,329,viruses
2,17,329,bacteria
3,81,329,spacers
1,61,330,viruses
2,17,330,bacteria
3,80,330,spacers
1,61,331,viruses
2,17,331,bacteria
3,80,331,spacers
1,61,332,viruses
2,17,332,bacteria
3,80,332,spacers
1,61,333,viruses
2,17,333,bacteria
3,80,333,spacers
1,61,334,viruses
2,17,334,bacteria
3,80,334,spacers
1,61,335,viruses
2,17,335,bacteria
3,80,335,spacers
1,61,336,viruses
2,17,336,bacteria
3,80,336,spacers
1,61,337,viruses
2,17,337,bacteria
3,80,337,spacers
1,61,338,viruses
2,17,338,bacteria
3,80,338,spacers
1,60,339,viruses
2,17,339,bacteria
3,79,339,spacers
1,60,340,viruses
2,17,340,bacteria
3,79,340,spacers
1,60,341,viruses
2,17,341,bacteria
3,79,341,spacers
1,60,342,viruses
2,17,342,bacteria
3,79,342,spacers
1,60,343,viruses
2,17,343,bacteria
3,79,343,spacers
1,60,344,viruses
2,17,344,bacteria
3,79,344,spacers
1,60,345,viruses
2,17,345,bacteria
3,79,345,spacers
1,60,346,viruses
2,17,346,bacteria
3,79,346,spacers
1,60,347,viruses
2,17,347,bacteria
3,79,347,spacers
1,59,348,viruses
2,17,348,bacteria
3,79,348,spacers
1,60,349,viruses
2,17,349,bacteria
3,80,349,spacers
1,60,350,viruses
2,17,350,bacteria
3,80,350,spacers
1,60,351,viruses
2,17,351,bacteria
3,80,351,spacers
1,60,352,viruses
2,18,352,bacteria
3,80,352,spacers
1,60,353,viruses
2,18,353,bacteria
3,80,353,spacers
1,60,354,viruses
2,18,354,bacteria
3,80,354,spacers
1,60,355,viruses
2,18,355,bacteria
3,80,355,spacers
1,61,356,viruses
2,18,356,bacteria
3,81,356,spacers
1,61,357,viruses
2,18,357,bacteria
3,81,357,spacers
1,61,358,viruses
2,18,358,bacteria
3,81,358,spacers
1,62,359,viruses
2,18,359,bacteria
3,82,359,spacers
1,62,360,viruses
2,18,360,bacteria
3,82,360,spacers
1,62,361,viruses
2,18,361,bacteria
3,82,361,spacers
1,61,362,viruses
2,18,362,bacteria
3,81,362,spacers
1,64,363,viruses
2,18,363,bacteria
3,84,363,spacers
1,64,364,viruses
2,18,364,bacteria
3,84,364,spacers
1,63,365,viruses
2,18,365,bacteria
3,83,365,spacers
1,63,366,viruses
2,18,366,bacteria
3,83,366,spacers
1,63,367,viruses
2,18,367,bacteria
3,83,367,spacers
1,64,368,viruses
2,18,368,bacteria
3,84,368,spacers
1,65,369,viruses
2,17,369,bacteria
3,85,369,spacers
1,66,370,viruses
2,17,370,bacteria
3,86,370,spacers
1,67,371,viruses
2,17,371,bacteria
3,87,371,spacers
1,68,372,viruses
2,17,372,bacteria
3,88,372,spacers
1,69,373,viruses
2,17,373,bacteria
3,89,373,spacers
1,70,374,viruses
2,17,374,bacteria
3,90,374,spacers
1,71,375,viruses
2,17,375,bacteria
3,91,375,spacers
1,71,376,viruses
2,17,376,bacteria
3,91,376,spacers
1,71,377,viruses
2,17,377,bacteria
3,91,377,spacers
1,71,378,viruses
2,16,378,bacteria
3,91,378,spacers
1,72,379,viruses
2,16,379,bacteria
3,92,379,spacers
1,72,380,viruses
2,16,380,bacteria
3,92,380,spacers
1,73,381,viruses
2,16,381,bacteria
3,93,381,spacers
1,76,382,viruses
2,16,382,bacteria
3,96,382,spacers
1,78,383,viruses
2,16,383,bacteria
3,98,383,spacers
1,75,384,viruses
2,16,384,bacteria
3,95,384,spacers
1,75,385,viruses
2,16,385,bacteria
3,95,385,spacers
1,74,386,viruses
2,16,386,bacteria
3,94,386,spacers
1,72,387,viruses
2,16,387,bacteria
3,92,387,spacers
1,70,388,viruses
2,16,388,bacteria
3,90,388,spacers
1,71,389,viruses
2,16,389,bacteria
3,91,389,spacers
1,71,390,viruses
2,16,390,bacteria
3,91,390,spacers
1,72,391,viruses
2,16,391,bacteria
3,92,391,spacers
1,72,392,viruses
2,16,392,bacteria
3,92,392,spacers
1,73,393,viruses
2,16,393,bacteria
3,93,393,spacers
1,73,394,viruses
2,16,394,bacteria
3,93,394,spacers
1,72,395,viruses
2,16,395,bacteria
3,92,395,spacers
1,72,396,viruses
2,16,396,bacteria
3,92,396,spacers
1,71,397,viruses
2,16,397,bacteria
3,91,397,spacers
1,71,398,viruses
2,16,398,bacteria
3,91,398,spacers
1,71,399,viruses
2,16,399,bacteria
3,91,399,spacers
1,71,400,viruses
2,16,400,bacteria
3,91,400,spacers
1,71,401,viruses
2,16,401,bacteria
3,91,401,spacers
1,71,402,viruses
2,16,402,bacteria
3,91,402,spacers
1,71,403,viruses
2,16,403,bacteria
3,91,403,spacers
1,71,404,viruses
2,16,404,bacteria
3,91,404,spacers
1,71,405,viruses
2,16,405,bacteria
3,91,405,spacers
1,71,406,viruses
2,16,406,bacteria
3,91,406,spacers
1,71,407,viruses
2,16,407,bacteria
3,91,407,spacers
1,71,408,viruses
2,16,408,bacteria
3,91,408,spacers
1,71,409,viruses
2,16,409,bacteria
3,91,409,spacers
1,71,410,viruses
2,16,410,bacteria
3,91,410,spacers
1,71,411,viruses
2,18,411,bacteria
3,91,411,spacers
1,71,412,viruses
2,18,412,bacteria
3,91,412,spacers
1,71,413,viruses
2,18,413,bacteria
3,91,413,spacers
1,71,414,viruses
2,18,414,bacteria
3,91,414,spacers
1,71,415,viruses
2,18,415,bacteria
3,91,415,spacers
1,71,416,viruses
2,18,416,bacteria
3,91,416,spacers
1,71,417,viruses
2,18,417,bacteria
3,91,417,spacers
1,71,418,viruses
2,17,418,bacteria
3,91,418,spacers
1,71,419,viruses
2,17,419,bacteria
3,91,419,spacers
1,71,420,viruses
2,16,420,bacteria
3,91,420,spacers
1,71,421,viruses
2,16,421,bacteria
3,91,421,spacers
1,71,422,viruses
2,16,422,bacteria
3,91,422,spacers
1,71,423,viruses
2,16,423,bacteria
3,91,423,spacers
1,71,424,viruses
2,16,424,bacteria
3,91,424,spacers
1,71,425,viruses
2,16,425,bacteria
3,91,425,spacers
1,71,426,viruses
2,16,426,bacteria
3,91,426,spacers
1,71,427,viruses
2,16,427,bacteria
3,91,427,spacers
1,71,428,viruses
2,16,428,bacteria
3,91,428,spacers
1,71,429,viruses
2,16,429,bacteria
3,91,429,spacers
1,71,430,viruses
2,16,430,bacteria
3,91,430,spacers
1,71,431,viruses
2,16,431,bacteria
3,91,431,spacers
1,72,432,viruses
2,16,432,bacteria
3,92,432,spacers
1,72,433,viruses
2,16,433,bacteria
3,92,433,spacers
1,71,434,viruses
2,17,434,bacteria
3,92,434,spacers
1,72,435,viruses
2,17,435,bacteria
3,93,435,spacers
1,75,436,viruses
2,17,436,bacteria
3,96,436,spacers
1,74,437,viruses
2,18,437,bacteria
3,95,437,spacers
1,78,438,viruses
2,18,438,bacteria
3,99,438,spacers
1,79,439,viruses
2,19,439,bacteria
3,100,439,spacers
1,82,440,viruses
2,21,440,bacteria
3,103,440,spacers
1,84,441,viruses
2,22,441,bacteria
3,105,441,spacers
1,91,442,viruses
2,22,442,bacteria
3,112,442,spacers
1,92,443,viruses
2,22,443,bacteria
3,113,443,spacers
1,98,444,viruses
2,22,444,bacteria
3,119,444,spacers
1,102,445,viruses
2,22,445,bacteria
3,123,445,spacers
1,106,446,viruses
2,22,446,bacteria
3,127,446,spacers
1,111,447,viruses
2,23,447,bacteria
3,132,447,spacers
1,113,448,viruses
2,22,448,bacteria
3,134,448,spacers
1,117,449,viruses
2,22,449,bacteria
3,138,449,spacers
1,118,450,viruses
2,22,450,bacteria
3,139,450,spacers
1,119,451,viruses
2,24,451,bacteria
3,140,451,spacers
1,118,452,viruses
2,24,452,bacteria
3,139,452,spacers
1,121,453,viruses
2,26,453,bacteria
3,142,453,spacers
1,122,454,viruses
2,25,454,bacteria
3,143,454,spacers
1,119,455,viruses
2,24,455,bacteria
3,140,455,spacers
1,123,456,viruses
2,25,456,bacteria
3,144,456,spacers
1,121,457,viruses
2,26,457,bacteria
3,142,457,spacers
1,125,458,viruses
2,26,458,bacteria
3,146,458,spacers
1,123,459,viruses
2,25,459,bacteria
3,144,459,spacers
1,120,460,viruses
2,25,460,bacteria
3,141,460,spacers
1,117,461,viruses
2,23,461,bacteria
3,138,461,spacers
1,114,462,viruses
2,23,462,bacteria
3,135,462,spacers
1,115,463,viruses
2,24,463,bacteria
3,136,463,spacers
1,112,464,viruses
2,24,464,bacteria
3,133,464,spacers
1,113,465,viruses
2,24,465,bacteria
3,134,465,spacers
1,111,466,viruses
2,24,466,bacteria
3,132,466,spacers
1,110,467,viruses
2,25,467,bacteria
3,131,467,spacers
1,112,468,viruses
2,25,468,bacteria
3,133,468,spacers
1,113,469,viruses
2,25,469,bacteria
3,134,469,spacers
1,112,470,viruses
2,26,470,bacteria
3,133,470,spacers
1,113,471,viruses
2,25,471,bacteria
3,134,471,spacers
1,111,472,viruses
2,25,472,bacteria
3,132,472,spacers
1,110,473,viruses
2,25,473,bacteria
3,131,473,spacers
1,109,474,viruses
2,26,474,bacteria
3,130,474,spacers
1,108,475,viruses
2,27,475,bacteria
3,129,475,spacers
1,107,476,viruses
2,27,476,bacteria
3,128,476,spacers
1,106,477,viruses
2,27,477,bacteria
3,127,477,spacers
1,106,478,viruses
2,26,478,bacteria
3,127,478,spacers
1,106,479,viruses
2,25,479,bacteria
3,127,479,spacers
1,106,480,viruses
2,25,480,bacteria
3,127,480,spacers
1,104,481,viruses
2,25,481,bacteria
3,125,481,spacers
1,104,482,viruses
2,25,482,bacteria
3,125,482,spacers
1,104,483,viruses
2,25,483,bacteria
3,125,483,spacers
1,104,484,viruses
2,24,484,bacteria
3,125,484,spacers
1,104,485,viruses
2,23,485,bacteria
3,125,485,spacers
1,104,486,viruses
2,23,486,bacteria
3,125,486,spacers
1,105,487,viruses
2,22,487,bacteria
3,126,487,spacers
1,105,488,viruses
2,21,488,bacteria
3,126,488,spacers
1,105,489,viruses
2,21,489,bacteria
3,126,489,spacers
1,107,490,viruses
2,21,490,bacteria
3,128,490,spacers
1,111,491,viruses
2,22,491,bacteria
3,132,491,spacers
1,111,492,viruses
2,21,492,bacteria
3,132,492,spacers
1,114,493,viruses
2,21,493,bacteria
3,135,493,spacers
1,118,494,viruses
2,21,494,bacteria
3,139,494,spacers
1,120,495,viruses
2,21,495,bacteria
3,141,495,spacers
1,124,496,viruses
2,22,496,bacteria
3,145,496,spacers
1,125,497,viruses
2,23,497,bacteria
3,146,497,spacers
1,127,498,viruses
2,22,498,bacteria
3,148,498,spacers
1,130,499,viruses
2,23,499,bacteria
3,151,499,spacers
1,132,500,viruses
2,22,500,bacteria
3,153,500,spacers
1,137,501,viruses
2,21,501,bacteria
3,158,501,spacers
1,141,502,viruses
2,22,502,bacteria
3,162,502,spacers
1,145,503,viruses
2,23,503,bacteria
3,166,503,spacers
1,146,504,viruses
2,22,504,bacteria
3,167,504,spacers
1,151,505,viruses
2,22,505,bacteria
3,172,505,spacers
1,155,506,viruses
2,22,506,bacteria
3,176,506,spacers
1,158,507,viruses
2,25,507,bacteria
3,179,507,spacers
1,159,508,viruses
2,25,508,bacteria
3,180,508,spacers
1,165,509,viruses
2,26,509,bacteria
3,186,509,spacers
1,163,510,viruses
2,27,510,bacteria
3,184,510,spacers
1,166,511,viruses
2,29,511,bacteria
3,187,511,spacers
1,163,512,viruses
2,28,512,bacteria
3,184,512,spacers
1,166,513,viruses
2,28,513,bacteria
3,187,513,spacers
1,160,514,viruses
2,28,514,bacteria
3,181,514,spacers
1,165,515,viruses
2,28,515,bacteria
3,186,515,spacers
1,164,516,viruses
2,29,516,bacteria
3,185,516,spacers
1,167,517,viruses
2,29,517,bacteria
3,188,517,spacers
1,163,518,viruses
2,29,518,bacteria
3,184,518,spacers
1,164,519,viruses
2,29,519,bacteria
3,185,519,spacers
1,163,520,viruses
2,29,520,bacteria
3,184,520,spacers
1,159,521,viruses
2,29,521,bacteria
3,180,521,spacers
1,157,522,viruses
2,29,522,bacteria
3,178,522,spacers
1,158,523,viruses
2,29,523,bacteria
3,179,523,spacers
1,155,524,viruses
2,29,524,bacteria
3,176,524,spacers
1,156,525,viruses
2,29,525,bacteria
3,177,525,spacers
1,153,526,viruses
2,29,526,bacteria
3,174,526,spacers
1,151,527,viruses
2,29,527,bacteria
3,172,527,spacers
1,149,528,viruses
2,29,528,bacteria
3,170,528,spacers
1,147,529,viruses
2,29,529,bacteria
3,168,529,spacers
1,145,530,viruses
2,29,530,bacteria
3,166,530,spacers
1,144,531,viruses
2,29,531,bacteria
3,165,531,spacers
1,144,532,viruses
2,29,532,bacteria
3,165,532,spacers
1,144,533,viruses
2,29,533,bacteria
3,165,533,spacers
1,142,534,viruses
2,29,534,bacteria
3,163,534,spacers
1,141,535,viruses
2,29,535,bacteria
3,162,535,spacers
1,141,536,viruses
2,29,536,bacteria
3,162,536,spacers
1,141,537,viruses
2,29,537,bacteria
3,162,537,spacers
1,141,538,viruses
2,29,538,bacteria
3,162,538,spacers
1,140,539,viruses
2,29,539,bacteria
3,161,539,spacers
1,139,540,viruses
2,29,540,bacteria
3,160,540,spacers
1,137,541,viruses
2,29,541,bacteria
3,158,541,spacers
1,137,542,viruses
2,28,542,bacteria
3,158,542,spacers
1,136,543,viruses
2,27,543,bacteria
3,157,543,spacers
1,136,544,viruses
2,27,544,bacteria
3,157,544,spacers
1,136,545,viruses
2,26,545,bacteria
3,157,545,spacers
1,136,546,viruses
2,26,546,bacteria
3,157,546,spacers
1,136,547,viruses
2,26,547,bacteria
3,157,547,spacers
1,136,548,viruses
2,26,548,bacteria
3,157,548,spacers
1,135,549,viruses
2,26,549,bacteria
3,156,549,spacers
1,136,550,viruses
2,25,550,bacteria
3,157,550,spacers
1,136,551,viruses
2,25,551,bacteria
3,157,551,spacers
1,137,552,viruses
2,25,552,bacteria
3,158,552,spacers
1,137,553,viruses
2,24,553,bacteria
3,158,553,spacers
1,137,554,viruses
2,24,554,bacteria
3,158,554,spacers
1,138,555,viruses
2,24,555,bacteria
3,159,555,spacers
1,137,556,viruses
2,24,556,bacteria
3,158,556,spacers
1,137,557,viruses
2,24,557,bacteria
3,158,557,spacers
1,139,558,viruses
2,24,558,bacteria
3,160,558,spacers
1,138,559,viruses
2,24,559,bacteria
3,159,559,spacers
1,140,560,viruses
2,24,560,bacteria
3,161,560,spacers
1,142,561,viruses
2,27,561,bacteria
3,163,561,spacers
1,145,562,viruses
2,27,562,bacteria
3,166,562,spacers
1,154,563,viruses
2,30,563,bacteria
3,175,563,spacers
1,172,564,viruses
2,31,564,bacteria
3,193,564,spacers
1,198,565,viruses
2,34,565,bacteria
3,219,565,spacers
1,241,566,viruses
2,38,566,bacteria
3,262,566,spacers
1,264,567,viruses
2,41,567,bacteria
3,285,567,spacers
1,275,568,viruses
2,42,568,bacteria
3,296,568,spacers
1,278,569,viruses
2,43,569,bacteria
3,299,569,spacers
1,268,570,viruses
2,44,570,bacteria
3,289,570,spacers
1,268,571,viruses
2,46,571,bacteria
3,289,571,spacers
1,259,572,viruses
2,45,572,bacteria
3,280,572,spacers
1,259,573,viruses
2,45,573,bacteria
3,280,573,spacers
1,253,574,viruses
2,48,574,bacteria
3,274,574,spacers
1,261,575,viruses
2,49,575,bacteria
3,282,575,spacers
1,264,576,viruses
2,52,576,bacteria
3,285,576,spacers
1,267,577,viruses
2,51,577,bacteria
3,288,577,spacers
1,273,578,viruses
2,52,578,bacteria
3,294,578,spacers
1,275,579,viruses
2,52,579,bacteria
3,296,579,spacers
1,274,580,viruses
2,52,580,bacteria
3,295,580,spacers
1,273,581,viruses
2,52,581,bacteria
3,294,581,spacers
1,267,582,viruses
2,52,582,bacteria
3,288,582,spacers
1,257,583,viruses
2,52,583,bacteria
3,278,583,spacers
1,252,584,viruses
2,52,584,bacteria
3,273,584,spacers
1,248,585,viruses
2,52,585,bacteria
3,269,585,spacers
1,240,586,viruses
2,52,586,bacteria
3,261,586,spacers
1,238,587,viruses
2,52,587,bacteria
3,259,587,spacers
1,232,588,viruses
2,53,588,bacteria
3,253,588,spacers
1,230,589,viruses
2,53,589,bacteria
3,251,589,spacers
1,229,590,viruses
2,51,590,bacteria
3,250,590,spacers
1,229,591,viruses
2,51,591,bacteria
3,250,591,spacers
1,229,592,viruses
2,53,592,bacteria
3,250,592,spacers
1,245,593,viruses
2,53,593,bacteria
3,266,593,spacers
1,267,594,viruses
2,55,594,bacteria
3,288,594,spacers
1,290,595,viruses
2,59,595,bacteria
3,312,595,spacers
1,329,596,viruses
2,59,596,bacteria
3,351,596,spacers
1,353,597,viruses
2,60,597,bacteria
3,375,597,spacers
1,369,598,viruses
2,61,598,bacteria
3,391,598,spacers
1,376,599,viruses
2,61,599,bacteria
3,398,599,spacers
1,377,600,viruses
2,61,600,bacteria
3,399,600,spacers
1,386,601,viruses
2,69,601,bacteria
3,408,601,spacers
1,431,602,viruses
2,70,602,bacteria
3,453,602,spacers
1,474,603,viruses
2,71,603,bacteria
3,496,603,spacers
1,506,604,viruses
2,72,604,bacteria
3,528,604,spacers
1,496,605,viruses
2,74,605,bacteria
3,518,605,spacers
1,482,606,viruses
2,74,606,bacteria
3,504,606,spacers
1,460,607,viruses
2,74,607,bacteria
3,482,607,spacers
1,446,608,viruses
2,74,608,bacteria
3,468,608,spacers
1,425,609,viruses
2,74,609,bacteria
3,447,609,spacers
1,414,610,viruses
2,74,610,bacteria
3,436,610,spacers
1,399,611,viruses
2,74,611,bacteria
3,421,611,spacers
1,386,612,viruses
2,74,612,bacteria
3,408,612,spacers
1,379,613,viruses
2,74,613,bacteria
3,401,613,spacers
1,371,614,viruses
2,74,614,bacteria
3,393,614,spacers
1,373,615,viruses
2,75,615,bacteria
3,395,615,spacers
1,372,616,viruses
2,76,616,bacteria
3,394,616,spacers
1,379,617,viruses
2,77,617,bacteria
3,401,617,spacers
1,405,618,viruses
2,83,618,bacteria
3,427,618,spacers
1,467,619,viruses
2,85,619,bacteria
3,489,619,spacers
1,494,620,viruses
2,88,620,bacteria
3,516,620,spacers
1,509,621,viruses
2,89,621,bacteria
3,531,621,spacers
1,502,622,viruses
2,90,622,bacteria
3,524,622,spacers
1,487,623,viruses
2,90,623,bacteria
3,509,623,spacers
1,497,624,viruses
2,91,624,bacteria
3,519,624,spacers
1,536,625,viruses
2,94,625,bacteria
3,558,625,spacers
1,628,626,viruses
2,99,626,bacteria
3,650,626,spacers
1,710,627,viruses
2,100,627,bacteria
3,732,627,spacers
1,718,628,viruses
2,100,628,bacteria
3,740,628,spacers
1,695,629,viruses
2,100,629,bacteria
3,717,629,spacers
1,682,630,viruses
2,100,630,bacteria
3,704,630,spacers
1,645,631,viruses
2,100,631,bacteria
3,667,631,spacers
1,615,632,viruses
2,100,632,bacteria
3,637,632,spacers
1,604,633,viruses
2,100,633,bacteria
3,626,633,spacers
1,587,634,viruses
2,100,634,bacteria
3,609,634,spacers
1,568,635,viruses
2,100,635,bacteria
3,590,635,spacers
1,546,636,viruses
2,100,636,bacteria
3,568,636,spacers
1,533,637,viruses
2,100,637,bacteria
3,555,637,spacers
1,519,638,viruses
2,100,638,bacteria
3,541,638,spacers
1,501,639,viruses
2,100,639,bacteria
3,523,639,spacers
1,492,640,viruses
2,100,640,bacteria
3,514,640,spacers
1,481,641,viruses
2,100,641,bacteria
3,503,641,spacers
1,474,642,viruses
2,100,642,bacteria
3,496,642,spacers
1,466,643,viruses
2,100,643,bacteria
3,488,643,spacers
1,462,644,viruses
2,100,644,bacteria
3,484,644,spacers
1,454,645,viruses
2,101,645,bacteria
3,476,645,spacers
1,446,646,viruses
2,101,646,bacteria
3,468,646,spacers
1,440,647,viruses
2,101,647,bacteria
3,462,647,spacers
1,439,648,viruses
2,101,648,bacteria
3,461,648,spacers
1,435,649,viruses
2,101,649,bacteria
3,457,649,spacers
1,429,650,viruses
2,102,650,bacteria
3,451,650,spacers
1,428,651,viruses
2,103,651,bacteria
3,450,651,spacers
1,433,652,viruses
2,104,652,bacteria
3,455,652,spacers
1,437,653,viruses
2,106,653,bacteria
3,459,653,spacers
1,436,654,viruses
2,107,654,bacteria
3,458,654,spacers
1,448,655,viruses
2,108,655,bacteria
3,470,655,spacers
1,454,656,viruses
2,110,656,bacteria
3,476,656,spacers
1,463,657,viruses
2,113,657,bacteria
3,485,657,spacers
1,470,658,viruses
2,113,658,bacteria
3,492,658,spacers
1,475,659,viruses
2,115,659,bacteria
3,497,659,spacers
1,475,660,viruses
2,115,660,bacteria
3,497,660,spacers
1,477,661,viruses
2,115,661,bacteria
3,499,661,spacers
1,481,662,viruses
2,115,662,bacteria
3,503,662,spacers
1,475,663,viruses
2,115,663,bacteria
3,497,663,spacers
1,476,664,viruses
2,115,664,bacteria
3,498,664,spacers
1,469,665,viruses
2,116,665,bacteria
3,491,665,spacers
1,465,666,viruses
2,116,666,bacteria
3,487,666,spacers
1,463,667,viruses
2,115,667,bacteria
3,485,667,spacers
1,460,668,viruses
2,114,668,bacteria
3,482,668,spacers
1,454,669,viruses
2,114,669,bacteria
3,476,669,spacers
1,451,670,viruses
2,112,670,bacteria
3,473,670,spacers
1,448,671,viruses
2,113,671,bacteria
3,470,671,spacers
1,446,672,viruses
2,113,672,bacteria
3,468,672,spacers
1,448,673,viruses
2,112,673,bacteria
3,470,673,spacers
1,450,674,viruses
2,112,674,bacteria
3,472,674,spacers
1,453,675,viruses
2,112,675,bacteria
3,475,675,spacers
1,454,676,viruses
2,113,676,bacteria
3,476,676,spacers
1,459,677,viruses
2,114,677,bacteria
3,481,677,spacers
1,467,678,viruses
2,114,678,bacteria
3,489,678,spacers
1,476,679,viruses
2,116,679,bacteria
3,498,679,spacers
1,485,680,viruses
2,119,680,bacteria
3,507,680,spacers
1,501,681,viruses
2,120,681,bacteria
3,523,681,spacers
1,510,682,viruses
2,123,682,bacteria
3,532,682,spacers
1,520,683,viruses
2,123,683,bacteria
3,542,683,spacers
1,529,684,viruses
2,124,684,bacteria
3,551,684,spacers
1,540,685,viruses
2,126,685,bacteria
3,562,685,spacers
1,550,686,viruses
2,127,686,bacteria
3,572,686,spacers
1,553,687,viruses
2,129,687,bacteria
3,575,687,spacers
1,555,688,viruses
2,129,688,bacteria
3,577,688,spacers
1,554,689,viruses
2,129,689,bacteria
3,576,689,spacers
1,554,690,viruses
2,129,690,bacteria
3,576,690,spacers
1,548,691,viruses
2,130,691,bacteria
3,570,691,spacers
1,545,692,viruses
2,130,692,bacteria
3,567,692,spacers
1,538,693,viruses
2,130,693,bacteria
3,560,693,spacers
1,532,694,viruses
2,130,694,bacteria
3,554,694,spacers
1,532,695,viruses
2,130,695,bacteria
3,554,695,spacers
1,527,696,viruses
2,130,696,bacteria
3,549,696,spacers
1,523,697,viruses
2,130,697,bacteria
3,545,697,spacers
1,520,698,viruses
2,131,698,bacteria
3,542,698,spacers
1,514,699,viruses
2,131,699,bacteria
3,536,699,spacers
1,509,700,viruses
2,130,700,bacteria
3,531,700,spacers
1,505,701,viruses
2,130,701,bacteria
3,527,701,spacers
1,504,702,viruses
2,130,702,bacteria
3,526,702,spacers
1,498,703,viruses
2,129,703,bacteria
3,520,703,spacers
1,496,704,viruses
2,129,704,bacteria
3,518,704,spacers
1,492,705,viruses
2,129,705,bacteria
3,514,705,spacers
1,491,706,viruses
2,128,706,bacteria
3,513,706,spacers
1,488,707,viruses
2,128,707,bacteria
3,510,707,spacers
1,486,708,viruses
2,128,708,bacteria
3,508,708,spacers
1,485,709,viruses
2,128,709,bacteria
3,507,709,spacers
1,485,710,viruses
2,129,710,bacteria
3,508,710,spacers
1,486,711,viruses
2,129,711,bacteria
3,509,711,spacers
1,488,712,viruses
2,129,712,bacteria
3,511,712,spacers
1,492,713,viruses
2,130,713,bacteria
3,515,713,spacers
1,496,714,viruses
2,129,714,bacteria
3,519,714,spacers
1,499,715,viruses
2,128,715,bacteria
3,522,715,spacers
1,514,716,viruses
2,132,716,bacteria
3,537,716,spacers
1,534,717,viruses
2,133,717,bacteria
3,557,717,spacers
1,552,718,viruses
2,135,718,bacteria
3,575,718,spacers
1,573,719,viruses
2,135,719,bacteria
3,596,719,spacers
1,586,720,viruses
2,136,720,bacteria
3,609,720,spacers
1,595,721,viruses
2,140,721,bacteria
3,618,721,spacers
1,600,722,viruses
2,140,722,bacteria
3,624,722,spacers
1,599,723,viruses
2,140,723,bacteria
3,623,723,spacers
1,588,724,viruses
2,140,724,bacteria
3,612,724,spacers
1,583,725,viruses
2,141,725,bacteria
3,608,725,spacers
1,576,726,viruses
2,142,726,bacteria
3,601,726,spacers
1,574,727,viruses
2,142,727,bacteria
3,599,727,spacers
1,570,728,viruses
2,142,728,bacteria
3,595,728,spacers
1,565,729,viruses
2,142,729,bacteria
3,590,729,spacers
1,561,730,viruses
2,142,730,bacteria
3,586,730,spacers
1,560,731,viruses
2,142,731,bacteria
3,585,731,spacers
1,559,732,viruses
2,142,732,bacteria
3,584,732,spacers
1,559,733,viruses
2,142,733,bacteria
3,584,733,spacers
1,556,734,viruses
2,140,734,bacteria
3,581,734,spacers
1,560,735,viruses
2,140,735,bacteria
3,585,735,spacers
1,556,736,viruses
2,140,736,bacteria
3,581,736,spacers
1,558,737,viruses
2,140,737,bacteria
3,583,737,spacers
1,569,738,viruses
2,146,738,bacteria
3,594,738,spacers
1,601,739,viruses
2,150,739,bacteria
3,626,739,spacers
1,628,740,viruses
2,157,740,bacteria
3,653,740,spacers
1,675,741,viruses
2,160,741,bacteria
3,700,741,spacers
1,697,742,viruses
2,165,742,bacteria
3,722,742,spacers
1,721,743,viruses
2,167,743,bacteria
3,746,743,spacers
1,740,744,viruses
2,173,744,bacteria
3,765,744,spacers
1,741,745,viruses
2,176,745,bacteria
3,766,745,spacers
1,725,746,viruses
2,177,746,bacteria
3,750,746,spacers
1,716,747,viruses
2,175,747,bacteria
3,741,747,spacers
1,711,748,viruses
2,174,748,bacteria
3,736,748,spacers
1,703,749,viruses
2,173,749,bacteria
3,728,749,spacers
1,697,750,viruses
2,175,750,bacteria
3,722,750,spacers
1,698,751,viruses
2,174,751,bacteria
3,723,751,spacers
1,719,752,viruses
2,178,752,bacteria
3,745,752,spacers
1,780,753,viruses
2,185,753,bacteria
3,806,753,spacers
1,828,754,viruses
2,194,754,bacteria
3,854,754,spacers
1,842,755,viruses
2,200,755,bacteria
3,868,755,spacers
1,835,756,viruses
2,204,756,bacteria
3,861,756,spacers
1,820,757,viruses
2,204,757,bacteria
3,846,757,spacers
1,800,758,viruses
2,202,758,bacteria
3,826,758,spacers
1,787,759,viruses
2,201,759,bacteria
3,813,759,spacers
1,771,760,viruses
2,200,760,bacteria
3,798,760,spacers
1,753,761,viruses
2,200,761,bacteria
3,780,761,spacers
1,736,762,viruses
2,201,762,bacteria
3,763,762,spacers
1,719,763,viruses
2,201,763,bacteria
3,746,763,spacers
1,712,764,viruses
2,201,764,bacteria
3,739,764,spacers
1,708,765,viruses
2,200,765,bacteria
3,735,765,spacers
1,702,766,viruses
2,199,766,bacteria
3,729,766,spacers
1,696,767,viruses
2,199,767,bacteria
3,723,767,spacers
1,686,768,viruses
2,200,768,bacteria
3,714,768,spacers
1,681,769,viruses
2,198,769,bacteria
3,709,769,spacers
1,682,770,viruses
2,197,770,bacteria
3,710,770,spacers
1,681,771,viruses
2,199,771,bacteria
3,709,771,spacers
1,681,772,viruses
2,198,772,bacteria
3,709,772,spacers
1,679,773,viruses
2,199,773,bacteria
3,708,773,spacers
1,682,774,viruses
2,199,774,bacteria
3,711,774,spacers
1,688,775,viruses
2,198,775,bacteria
3,717,775,spacers
1,702,776,viruses
2,199,776,bacteria
3,731,776,spacers
1,712,777,viruses
2,201,777,bacteria
3,741,777,spacers
1,730,778,viruses
2,205,778,bacteria
3,759,778,spacers
1,755,779,viruses
2,208,779,bacteria
3,784,779,spacers
1,778,780,viruses
2,211,780,bacteria
3,807,780,spacers
1,797,781,viruses
2,216,781,bacteria
3,827,781,spacers
1,821,782,viruses
2,223,782,bacteria
3,851,782,spacers
1,871,783,viruses
2,228,783,bacteria
3,901,783,spacers
1,921,784,viruses
2,228,784,bacteria
3,951,784,spacers
1,966,785,viruses
2,230,785,bacteria
3,996,785,spacers
1,984,786,viruses
2,231,786,bacteria
3,1014,786,spacers
1,994,787,viruses
2,231,787,bacteria
3,1024,787,spacers
1,983,788,viruses
2,231,788,bacteria
3,1013,788,spacers
1,966,789,viruses
2,231,789,bacteria
3,996,789,spacers
1,955,790,viruses
2,231,790,bacteria
3,985,790,spacers
1,941,791,viruses
2,233,791,bacteria
3,971,791,spacers
1,914,792,viruses
2,233,792,bacteria
3,944,792,spacers
1,901,793,viruses
2,233,793,bacteria
3,931,793,spacers
1,891,794,viruses
2,233,794,bacteria
3,921,794,spacers
1,883,795,viruses
2,233,795,bacteria
3,913,795,spacers
1,869,796,viruses
2,233,796,bacteria
3,899,796,spacers
1,850,797,viruses
2,233,797,bacteria
3,880,797,spacers
1,838,798,viruses
2,232,798,bacteria
3,868,798,spacers
1,833,799,viruses
2,232,799,bacteria
3,863,799,spacers
1,819,800,viruses
2,232,800,bacteria
3,849,800,spacers
1,819,801,viruses
2,232,801,bacteria
3,849,801,spacers
1,823,802,viruses
2,232,802,bacteria
3,853,802,spacers
1,854,803,viruses
2,238,803,bacteria
3,884,803,spacers
1,910,804,viruses
2,241,804,bacteria
3,941,804,spacers
1,1001,805,viruses
2,250,805,bacteria
3,1032,805,spacers
1,1015,806,viruses
2,250,806,bacteria
3,1046,806,spacers
1,1005,807,viruses
2,250,807,bacteria
3,1036,807,spacers
1,991,808,viruses
2,249,808,bacteria
3,1022,808,spacers
1,971,809,viruses
2,248,809,bacteria
3,1002,809,spacers
1,954,810,viruses
2,249,810,bacteria
3,985,810,spacers
1,935,811,viruses
2,250,811,bacteria
3,966,811,spacers
1,917,812,viruses
2,249,812,bacteria
3,948,812,spacers
1,913,813,viruses
2,249,813,bacteria
3,944,813,spacers
1,900,814,viruses
2,250,814,bacteria
3,931,814,spacers
